hop,uop,ts,dt,max dy,max du
36.0,54.21631956700788,2000.0,0.25,4.9,3.672837980938934
